<?xml version="1.0" encoding="UTF-8"?>
<config xmlns="http://www.knime.org/2008/09/XMLConfig" xmlns:xsi="http://www.w3.org/2001/XMLSchema-instance" xsi:schemaLocation="http://www.knime.org/2008/09/XMLConfig http://www.knime.org/XMLConfig_2008_09.xsd" key="model.xml">
    <entry key="version" type="xint" value="1"/>
    <entry key="class_name" type="xstring" value="org.knime.ext.dl4j.base.DLModelPortObjectSpec"/>
    <config key="model">
        <config key="NeuralNetType">
            <entry key="array-size" type="xint" value="2"/>
            <entry key="0" type="xstring" value="MLP"/>
            <entry key="1" type="xstring" value="DEEPCONVOLUTIONAL"/>
        </config>
        <config key="LayerTypeList">
            <entry key="array-size" type="xint" value="5"/>
            <entry key="0" type="xstring" value="DENSE_LAYER"/>
            <entry key="1" type="xstring" value="DENSE_LAYER"/>
            <entry key="2" type="xstring" value="DENSE_LAYER"/>
            <entry key="3" type="xstring" value="DENSE_LAYER"/>
            <entry key="4" type="xstring" value="OUTPUT_LAYER"/>
        </config>
        <entry key="IsTrained" type="xboolean" value="true"/>
        <config key="FeatureColumsTypes">
            <entry key="array-size" type="xint" value="10"/>
            <entry key="0" type="xstring" value="Number (double)"/>
            <entry key="1" type="xstring" value="Number (double)"/>
            <entry key="2" type="xstring" value="Number (double)"/>
            <entry key="3" type="xstring" value="Number (double)"/>
            <entry key="4" type="xstring" value="Number (double)"/>
            <entry key="5" type="xstring" value="Number (double)"/>
            <entry key="6" type="xstring" value="Number (double)"/>
            <entry key="7" type="xstring" value="Number (double)"/>
            <entry key="8" type="xstring" value="Number (double)"/>
            <entry key="9" type="xstring" value="Number (double)"/>
        </config>
        <config key="FeatureColumsNames">
            <entry key="array-size" type="xint" value="10"/>
            <entry key="0" type="xstring" value="Gender"/>
            <entry key="1" type="xstring" value="Height"/>
            <entry key="2" type="xstring" value="Weight"/>
            <entry key="3" type="xstring" value="family_history_with_overweight"/>
            <entry key="4" type="xstring" value="NCP"/>
            <entry key="5" type="xstring" value="CAEC"/>
            <entry key="6" type="xstring" value="CH2O"/>
            <entry key="7" type="xstring" value="FAF"/>
            <entry key="8" type="xstring" value="CALC"/>
            <entry key="9" type="xstring" value="Date_of_birth"/>
        </config>
        <config key="Labels">
            <entry key="array-size" type="xint" value="7"/>
            <entry key="0" type="xstring" value="Normal_Weight"/>
            <entry key="1" type="xstring" value="Overweight_Level_I"/>
            <entry key="2" type="xstring" value="Overweight_Level_II"/>
            <entry key="3" type="xstring" value="Obesity_Type_I"/>
            <entry key="4" type="xstring" value="Insufficient_Weight"/>
            <entry key="5" type="xstring" value="Obesity_Type_II"/>
            <entry key="6" type="xstring" value="Obesity_Type_III"/>
        </config>
        <config key="TargetColumNames">
            <entry key="array-size" type="xint" value="1"/>
            <entry key="0" type="xstring" value="NObeyesdad"/>
        </config>
        <entry key="LearnerType" type="xstring" value="feedforward_classification"/>
        <entry key="ModelType" type="xstring" value="MLN"/>
    </config>
</config>
