<?xml version="1.0" encoding="UTF-8"?>
<config xmlns="http://www.knime.org/2008/09/XMLConfig" xmlns:xsi="http://www.w3.org/2001/XMLSchema-instance" xsi:schemaLocation="http://www.knime.org/2008/09/XMLConfig http://www.knime.org/XMLConfig_2008_09.xsd" key="MiningSchema">
    <config key="learning">
        <entry key="array-size" type="xint" value="10"/>
        <entry key="0" type="xstring" value="Gender"/>
        <entry key="1" type="xstring" value="Height"/>
        <entry key="2" type="xstring" value="Weight"/>
        <entry key="3" type="xstring" value="family_history_with_overweight"/>
        <entry key="4" type="xstring" value="NCP"/>
        <entry key="5" type="xstring" value="CAEC"/>
        <entry key="6" type="xstring" value="CH2O"/>
        <entry key="7" type="xstring" value="FAF"/>
        <entry key="8" type="xstring" value="CALC"/>
        <entry key="9" type="xstring" value="Date_of_birth"/>
    </config>
    <config key="target">
        <entry key="array-size" type="xint" value="1"/>
        <entry key="0" type="xstring" value="NObeyesdad"/>
    </config>
</config>
